<BackupInst xmlns="http://www.microsoft.com/GroupPolicy/GPOOperations/Manifest"><GPOGuid><![CDATA[{D6823618-B5B4-49CF-B9D3-DBF839D6EC04}]]></GPOGuid><GPODomain><![CDATA[soc.lan]]></GPODomain><GPODomainGuid><![CDATA[{b817496b-720f-4d46-b41a-dea295bd0a30}]]></GPODomainGuid><GPODomainController><![CDATA[dc1.soc.lan]]></GPODomainController><BackupTime><![CDATA[2022-07-15T21:43:23]]></BackupTime><ID><![CDATA[{E187E621-3E2C-4514-B4C9-D7BBD1F646C4}]]></ID><Comment><![CDATA[]]></Comment><GPODisplayName><![CDATA[SOS - PowerShell]]></GPODisplayName></BackupInst>
