<BackupInst xmlns="http://www.microsoft.com/GroupPolicy/GPOOperations/Manifest"><GPOGuid><![CDATA[{F6677E6F-CBA8-446D-B1C8-2F80FF96431C}]]></GPOGuid><GPODomain><![CDATA[soc.lan]]></GPODomain><GPODomainGuid><![CDATA[{b817496b-720f-4d46-b41a-dea295bd0a30}]]></GPODomainGuid><GPODomainController><![CDATA[dc1.soc.lan]]></GPODomainController><BackupTime><![CDATA[2022-07-15T21:43:25]]></BackupTime><ID><![CDATA[{47471704-C7E7-4384-B2F9-48BC421F745D}]]></ID><Comment><![CDATA[]]></Comment><GPODisplayName><![CDATA[SOS - Update Management]]></GPODisplayName></BackupInst>
