<Backups xmlns="http://www.microsoft.com/GroupPolicy/GPOOperations/Manifest" xmlns:mfst="http://www.microsoft.com/GroupPolicy/GPOOperations/Manifest" mfst:version="1.0"><BackupInst><GPOGuid><![CDATA[{1759E228-B2E6-4568-A475-7DE423D22704}]]></GPOGuid><GPODomain><![CDATA[soc.lan]]></GPODomain><GPODomainGuid><![CDATA[{b817496b-720f-4d46-b41a-dea295bd0a30}]]></GPODomainGuid><GPODomainController><![CDATA[dc1.soc.lan]]></GPODomainController><BackupTime><![CDATA[2022-07-15T21:43:08]]></BackupTime><ID><![CDATA[{492BD621-FD45-4996-BB17-3C9284759736}]]></ID><Comment><![CDATA[]]></Comment><GPODisplayName><![CDATA[NSACyber - Applocker (Audit)]]></GPODisplayName></BackupInst></Backups>