<BackupInst xmlns="http://www.microsoft.com/GroupPolicy/GPOOperations/Manifest"><GPOGuid><![CDATA[{2B4F3E8E-4AC1-4DD6-910B-B2C05D3D56DA}]]></GPOGuid><GPODomain><![CDATA[soc.lan]]></GPODomain><GPODomainGuid><![CDATA[{b817496b-720f-4d46-b41a-dea295bd0a30}]]></GPODomainGuid><GPODomainController><![CDATA[dc1.soc.lan]]></GPODomainController><BackupTime><![CDATA[2022-07-15T21:43:10]]></BackupTime><ID><![CDATA[{EA68CDCC-18BF-4A19-B54D-A5C67BC51923}]]></ID><Comment><![CDATA[]]></Comment><GPODisplayName><![CDATA[SOS - Telemetry and Security]]></GPODisplayName></BackupInst>
