<BackupInst xmlns="http://www.microsoft.com/GroupPolicy/GPOOperations/Manifest"><GPOGuid><![CDATA[{FDDB5B06-D280-4D44-AF30-61347477D1AE}]]></GPOGuid><GPODomain><![CDATA[soc.lan]]></GPODomain><GPODomainGuid><![CDATA[{b817496b-720f-4d46-b41a-dea295bd0a30}]]></GPODomainGuid><GPODomainController><![CDATA[dc1.soc.lan]]></GPODomainController><BackupTime><![CDATA[2022-07-15T21:43:26]]></BackupTime><ID><![CDATA[{BFE5D71C-9593-4A5E-953D-E9F676831A0E}]]></ID><Comment><![CDATA[]]></Comment><GPODisplayName><![CDATA[DoD - Excel 2016]]></GPODisplayName></BackupInst>
