<Backups xmlns="http://www.microsoft.com/GroupPolicy/GPOOperations/Manifest" xmlns:mfst="http://www.microsoft.com/GroupPolicy/GPOOperations/Manifest" mfst:version="1.0"><BackupInst><GPOGuid><![CDATA[{015489F4-C2E8-4158-89D6-A7DB6D90D4F0}]]></GPOGuid><GPODomain><![CDATA[soc.lan]]></GPODomain><GPODomainGuid><![CDATA[{b817496b-720f-4d46-b41a-dea295bd0a30}]]></GPODomainGuid><GPODomainController><![CDATA[dc1.soc.lan]]></GPODomainController><BackupTime><![CDATA[2022-07-15T21:36:17]]></BackupTime><ID><![CDATA[{BD058772-0B69-4BED-8915-4B7AAB3EA2D4}]]></ID><Comment><![CDATA[]]></Comment><GPODisplayName><![CDATA[SOS - Windows Defender Application Control - Audit]]></GPODisplayName></BackupInst></Backups>