<BackupInst xmlns="http://www.microsoft.com/GroupPolicy/GPOOperations/Manifest"><GPOGuid><![CDATA[{9DC9F599-10D6-4DBD-A147-3BDD8127B78E}]]></GPOGuid><GPODomain><![CDATA[soc.lan]]></GPODomain><GPODomainGuid><![CDATA[{b817496b-720f-4d46-b41a-dea295bd0a30}]]></GPODomainGuid><GPODomainController><![CDATA[dc1.soc.lan]]></GPODomainController><BackupTime><![CDATA[2022-07-15T21:43:18]]></BackupTime><ID><![CDATA[{2CDF1274-91B5-448A-A1E7-1738E2B65B54}]]></ID><Comment><![CDATA[]]></Comment><GPODisplayName><![CDATA[DoD - Publisher 2016]]></GPODisplayName></BackupInst>
