<BackupInst xmlns="http://www.microsoft.com/GroupPolicy/GPOOperations/Manifest"><GPOGuid><![CDATA[{7236501E-AAF1-447A-81DB-45171C2F4674}]]></GPOGuid><GPODomain><![CDATA[soc.lan]]></GPODomain><GPODomainGuid><![CDATA[{b817496b-720f-4d46-b41a-dea295bd0a30}]]></GPODomainGuid><GPODomainController><![CDATA[dc1.soc.lan]]></GPODomainController><BackupTime><![CDATA[2022-07-15T21:43:15]]></BackupTime><ID><![CDATA[{6C3C0177-281F-4547-89D7-66347525E1C2}]]></ID><Comment><![CDATA[]]></Comment><GPODisplayName><![CDATA[NSACyber - BitLocker]]></GPODisplayName></BackupInst>
