<BackupInst xmlns="http://www.microsoft.com/GroupPolicy/GPOOperations/Manifest"><GPOGuid><![CDATA[{5EA6962D-845A-48EE-BDBD-6E36B4C75979}]]></GPOGuid><GPODomain><![CDATA[soc.lan]]></GPODomain><GPODomainGuid><![CDATA[{b817496b-720f-4d46-b41a-dea295bd0a30}]]></GPODomainGuid><GPODomainController><![CDATA[dc1.soc.lan]]></GPODomainController><BackupTime><![CDATA[2022-07-15T21:43:14]]></BackupTime><ID><![CDATA[{AAEEB370-628D-461A-819E-6807F0D543EF}]]></ID><Comment><![CDATA[]]></Comment><GPODisplayName><![CDATA[DoD - Office 2019 System - User]]></GPODisplayName></BackupInst>
