<BackupInst xmlns="http://www.microsoft.com/GroupPolicy/GPOOperations/Manifest"><GPOGuid><![CDATA[{DE0100FE-0BF0-4DB7-9A35-14FE62108835}]]></GPOGuid><GPODomain><![CDATA[soc.lan]]></GPODomain><GPODomainGuid><![CDATA[{b817496b-720f-4d46-b41a-dea295bd0a30}]]></GPODomainGuid><GPODomainController><![CDATA[dc1.soc.lan]]></GPODomainController><BackupTime><![CDATA[2022-07-15T21:43:24]]></BackupTime><ID><![CDATA[{DB21D029-D31B-4B26-8959-78E00AE70D42}]]></ID><Comment><![CDATA[]]></Comment><GPODisplayName><![CDATA[DoD - Outlook 2016]]></GPODisplayName></BackupInst>
