<Backups xmlns="http://www.microsoft.com/GroupPolicy/GPOOperations/Manifest" xmlns:mfst="http://www.microsoft.com/GroupPolicy/GPOOperations/Manifest" mfst:version="1.0"><BackupInst><GPOGuid><![CDATA[{6F195DAA-C84D-49B9-9A13-0E0C6D295F98}]]></GPOGuid><GPODomain><![CDATA[soc.lan]]></GPODomain><GPODomainGuid><![CDATA[{b817496b-720f-4d46-b41a-dea295bd0a30}]]></GPODomainGuid><GPODomainController><![CDATA[dc1.soc.lan]]></GPODomainController><BackupTime><![CDATA[2022-07-15T21:43:15]]></BackupTime><ID><![CDATA[{6A934970-3734-4754-9FDF-AA80962CA6A8}]]></ID><Comment><![CDATA[]]></Comment><GPODisplayName><![CDATA[DoD - Word 2013]]></GPODisplayName></BackupInst></Backups>