<?xml version="1.0" encoding="utf-8"?><!-- Copyright (c) Microsoft Corporation.  All rights reserved. --><GroupPolicyBackupScheme bkp:version="2.0" bkp:type="GroupPolicyBackupTemplate" xmlns:bkp="http://www.microsoft.com/GroupPolicy/GPOOperations" xmlns="http://www.microsoft.com/GroupPolicy/GPOOperations">
    <GroupPolicyObject><SecurityGroups><Group bkp:Source="FromDACL"><Sid><![CDATA[S-1-5-21-2710398769-3617692942-806086270-519]]></Sid><SamAccountName><![CDATA[Enterprise Admins]]></SamAccountName><Type><![CDATA[UniversalGroup]]></Type><NetBIOSDomainName><![CDATA[SOC]]></NetBIOSDomainName><DnsDomainName><![CDATA[soc.lan]]></DnsDomainName><UPN><![CDATA[Enterprise Admins@soc.lan]]></UPN></Group><Group bkp:Source="FromDACL"><Sid><![CDATA[S-1-5-21-2710398769-3617692942-806086270-512]]></Sid><SamAccountName><![CDATA[Domain Admins]]></SamAccountName><Type><![CDATA[GlobalGroup]]></Type><NetBIOSDomainName><![CDATA[SOC]]></NetBIOSDomainName><DnsDomainName><![CDATA[soc.lan]]></DnsDomainName><UPN><![CDATA[Domain Admins@soc.lan]]></UPN></Group></SecurityGroups><FilePaths/><GroupPolicyCoreSettings><ID><![CDATA[{52C17526-7FCB-4CC8-A210-AC808A258C0D}]]></ID><Domain><![CDATA[soc.lan]]></Domain><SecurityDescriptor>01 00 04 9c 00 00 00 00 00 00 00 00 00 00 00 00 14 00 00 00 04 00 ec 00 08 00 00 00 05 02 28 00 00 01 00 00 01 00 00 00 8f fd ac ed b3 ff d1 11 b4 1d 00 a0 c9 68 f9 39 01 01 00 00 00 00 00 05 0b 00 00 00 00 00 24 00 ff 00 0f 00 01 05 00 00 00 00 00 05 15 00 00 00 31 67 8d a1 0e 9d a1 d7 7e e6 0b 30 00 02 00 00 00 02 24 00 ff 00 0f 00 01 05 00 00 00 00 00 05 15 00 00 00 31 67 8d a1 0e 9d a1 d7 7e e6 0b 30 00 02 00 00 00 02 24 00 ff 00 0f 00 01 05 00 00 00 00 00 05 15 00 00 00 31 67 8d a1 0e 9d a1 d7 7e e6 0b 30 07 02 00 00 00 02 14 00 94 00 02 00 01 01 00 00 00 00 00 05 09 00 00 00 00 02 14 00 94 00 02 00 01 01 00 00 00 00 00 05 0b 00 00 00 00 02 14 00 ff 00 0f 00 01 01 00 00 00 00 00 05 12 00 00 00 00 0a 14 00 ff 00 0f 00 01 01 00 00 00 00 00 03 00 00 00 00</SecurityDescriptor><DisplayName><![CDATA[DoD - Project 2013]]></DisplayName><Options><![CDATA[2]]></Options><UserVersionNumber><![CDATA[131074]]></UserVersionNumber><MachineVersionNumber><![CDATA[131074]]></MachineVersionNumber><MachineExtensionGuids/><UserExtensionGuids><![CDATA[[{35378EAC-683F-11D2-A89A-00C04FBBCFA2}{D02B1F73-3407-48AE-BA88-E8213C6761F1}]]]></UserExtensionGuids><WMIFilter/></GroupPolicyCoreSettings> 
        <GroupPolicyExtension bkp:ID="{35378EAC-683F-11D2-A89A-00C04FBBCFA2}" bkp:DescName="Registry">
            
            <FSObjectFile bkp:Path="%GPO_USER_FSPATH%\registry.pol" bkp:SourceExpandedPath="\\dc1.soc.lan\sysvol\soc.lan\Policies\{52C17526-7FCB-4CC8-A210-AC808A258C0D}\User\registry.pol" bkp:Location="DomainSysvol\GPO\User\registry.pol"/>
            <FSObjectFile bkp:Path="%GPO_FSPATH%\Adm\*.*" bkp:SourceExpandedPath="\\dc1.soc.lan\sysvol\soc.lan\Policies\{52C17526-7FCB-4CC8-A210-AC808A258C0D}\Adm\*.*"/>
        </GroupPolicyExtension>
        
        
        
        
        
        
        
        
        
    <GroupPolicyExtension bkp:ID="{F15C46CD-82A0-4C2D-A210-5D0D3182A418}" bkp:DescName="Unknown Extension"><FSObjectFile bkp:Path="%GPO_FSPATH%\GPO.cmt" bkp:SourceExpandedPath="\\dc1.soc.lan\sysvol\soc.lan\Policies\{52C17526-7FCB-4CC8-A210-AC808A258C0D}\GPO.cmt" bkp:Location="DomainSysvol\GPO\GPO.cmt"/><FSObjectFile bkp:Path="%GPO_USER_FSPATH%\comment.cmtx" bkp:SourceExpandedPath="\\dc1.soc.lan\sysvol\soc.lan\Policies\{52C17526-7FCB-4CC8-A210-AC808A258C0D}\User\comment.cmtx" bkp:Location="DomainSysvol\GPO\User\comment.cmtx"/></GroupPolicyExtension></GroupPolicyObject>
</GroupPolicyBackupScheme>